customer_type,customer_idx,param,created_at
user,5147,talk to me in korean,2022-06-28 22:35:11
user,5151,허리,2022-06-29 04:02:43
user,5151,허리 운동,2022-06-29 04:02:53
user,5151,허리 운동,2022-06-29 04:09:23
user,5151,허리,2022-06-29 04:09:57
user,5151,허리디스크,2022-06-29 04:18:51
user,5152,my enemy,2022-06-29 14:51:13
user,5152,"적의 심장, 그를 가지다",2022-06-29 15:04:12
user,5155,불편하고 행복하게,2022-06-30 14:20:17
user,5060,북한의,2022-07-01 03:05:45
user,5060,가야금교본,2022-07-01 03:11:36
user,5156,sejong,2022-07-02 02:07:38
user,4968,사이코지만 괜찮아,2022-07-02 06:46:05
user,5111,black pink,2022-07-02 09:10:13
user,5111,black pink,2022-07-02 09:10:23
user,5111,black pink,2022-07-02 09:10:27
company,46,9791168012288 9791168012523 9791168013001 9791168014411 9791168014930 9788965113058 9788965113508 9788965113591 9788965113300 9788937473258 9788937473265 9788937473272 9788937473289 9788937473296 9788937473302 9788937473319 9788937473326 9788937473333 9788937473340 9788937473357 9788937473364 9788954645010 9788954646772 9788954652186 9788954655439 9788954655446 9788954670869 9788954680813 9788954686730 9788954686747 9788954686754 9788954686761 9788954686778,2022-07-02 11:01:40
company,46,9791168012288 9791168012523 9791168013001 9791168014411 9791168014930 9788965113058 9788965113508 9788965113591 9788965113300 9788937473258 9788937473265 9788937473272 9788937473289 9788937473296 9788937473302 9788937473319 9788937473326 9788937473333 9788937473340 9788937473357 9788937473364 9788954645010 9788954646772 9788954652186 9788954655439 9788954655446 9788954670869 9788954680813 9788954686730 9788954686747 9788954686754 9788954686761 9788954686778,2022-07-02 11:02:08
company,46,9791168012288 9791168012523 9791168013001 9791168014411 9791168014930 9788965113058 9788965113508 9788965113591 9788965113300 9788937473258 9788937473265 9788937473272 9788937473289 9788937473296 9788937473302 9788937473319 9788937473326 9788937473333 9788937473340 9788937473357 9788937473364 9788954645010 9788954646772 9788954652186 9788954655439 9788954655446 9788954670869 9788954680813 9788954686730 9788954686747 9788954686754 9788954686761 9788954686778,2022-07-02 11:10:34
company,46,9791168012288 9791168012523 9791168013001 9791168014411 9791168014930 9788965113058 9788965113508 9788965113591 9788965113300 9788937473258 9788937473265 9788937473272 9788937473289 9788937473296 9788937473302 9788937473319 9788937473326 9788937473333 9788937473340 9788937473357 9788937473364 9788954645010 9788954646772 9788954652186 9788954655439 9788954655446 9788954670869 9788954680813 9788954686730 9788954686747 9788954686754 9788954686761 9788954686778,2022-07-02 11:10:50
company,46,9791168012288 9791168012523 9791168013001 9791168014411 9791168014930 9788965113058 9788965113508 9788965113591 9788965113300 9788937473258 9788937473265 9788937473272 9788937473289 9788937473296 9788937473302 9788937473319 9788937473326 9788937473333 9788937473340 9788937473357 9788937473364 9788954645010 9788954646772 9788954652186 9788954655439 9788954655446 9788954670869 9788954680813 9788954686730 9788954686747 9788954686754 9788954686761 9788954686778,2022-07-02 11:12:30
company,46,9788964478189 9788956409122 9788956409177 9791130800349 9791130801988 9791130810874 9791130816623 9791130816692 9791130817057 9791130817156 9791130819051 9791130819242 9791130802893 9791130802954 9791130803227 9791130810867 9791130813998 9791130814605 9791130816876 9791130817071 9791130817255 9791130817859 9791130818078 9791130819266 9788954446341 9788954446907 9788954447065 9788954447157 9788954447300 9788954447485 9788954447546 9788954447645 9788954447898 9788954448062 9788954448222 9788954448338 9791130637167 9791130638362 9791130677804 9791130679402 9791130690230 9791130691053,2022-07-02 12:07:44
company,46,9788964478189 9788956409122 9788956409177 9791130800349 9791130801988 9791130810874 9791130816623 9791130816692 9791130817057 9791130817156 9791130819051 9791130819242 9791130802893 9791130802954 9791130803227 9791130810867 9791130813998 9791130814605 9791130816876 9791130817071 9791130817255 9791130817859 9791130818078 9791130819266 9788954446341 9788954446907 9788954447065 9788954447157 9788954447300 9788954447485 9788954447546 9788954447645 9788954447898 9788954448062 9788954448222 9788954448338 9791130637167 9791130638362 9791130677804 9791130679402 9791130690230 9791130691053,2022-07-02 12:09:38
company,46,9788964478189 9788956409122 9788956409177 9791130800349 9791130801988 9791130810874 9791130816623 9791130816692 9791130817057 9791130817156 9791130819051 9791130819242 9791130802893 9791130802954 9791130803227 9791130810867 9791130813998 9791130814605 9791130816876 9791130817071 9791130817255 9791130817859 9791130818078 9791130819266 9788954446341 9788954446907 9788954447065 9788954447157 9788954447300 9788954447485 9788954447546 9788954447645 9788954447898 9788954448062 9788954448222 9788954448338 9791130637167 9791130638362 9791130677804 9791130679402 9791130690230 9791130691053,2022-07-02 12:11:27
company,46,9788964478189 9788956409122 9788956409177 9791130800349 9791130801988 9791130810874 9791130816623 9791130816692 9791130817057 9791130817156 9791130819051 9791130819242 9791130802893 9791130802954 9791130803227 9791130810867 9791130813998 9791130814605 9791130816876 9791130817071 9791130817255 9791130817859 9791130818078 9791130819266 9788954446341 9788954446907 9788954447065 9788954447157 9788954447300 9788954447485 9788954447546 9788954447645 9788954447898 9788954448062 9788954448222 9788954448338 9791130637167 9791130638362 9791130677804 9791130679402 9791130690230 9791130691053,2022-07-02 12:12:51
company,46,9788964478189 9788956409122 9788956409177 9791130800349 9791130801988 9791130810874 9791130816623 9791130816692 9791130817057 9791130817156 9791130819051 9791130819242 9791130802893 9791130802954 9791130803227 9791130810867 9791130813998 9791130814605 9791130816876 9791130817071 9791130817255 9791130817859 9791130818078 9791130819266 9788954446341 9788954446907 9788954447065 9788954447157 9788954447300 9788954447485 9788954447546 9788954447645 9788954447898 9788954448062 9788954448222 9788954448338 9791130637167 9791130638362 9791130677804 9791130679402 9791130690230 9791130691053,2022-07-02 12:13:50
user,5161,Chinese,2022-07-04 03:57:21
user,5161,Learn Chinese,2022-07-04 03:57:53
user,5161,Topik,2022-07-04 04:00:13
user,5161,English to Chinese,2022-07-04 04:05:18
user,5161,Vocabulary,2022-07-04 04:06:27
user,5161,Chinese,2022-07-04 04:07:43
user,5161,Chinese,2022-07-04 04:07:50
user,5161,Chinese,2022-07-04 04:07:52
user,5161,Chinese,2022-07-04 04:07:59
user,5161,Chinese,2022-07-04 04:08:05
user,5161,Chinese,2022-07-04 04:08:08
user,5161,Mandarine,2022-07-04 04:09:10
user,5162,불편한 편의점,2022-07-04 06:42:28
user,4701,german,2022-07-04 11:24:08
user,4701,russian,2022-07-04 11:24:24
user,4701,중국어,2022-07-04 12:01:33
user,4701,스웨덴어,2022-07-04 12:22:22
user,4701,yonsei,2022-07-04 23:39:26
user,4701,연세,2022-07-04 23:39:40
user,4701,연세 한국어 읽기,2022-07-04 23:41:11
user,4701,연세 읽기,2022-07-04 23:41:16
user,4701,연세 한국어,2022-07-04 23:41:25
user,4701,읽기,2022-07-04 23:42:58
user,4701,이화,2022-07-04 23:45:22
user,4701,이화,2022-07-04 23:45:36
user,4701,이화,2022-07-04 23:45:42
user,4701,이화,2022-07-04 23:45:44
user,4701,초급 한국어 쓰기,2022-07-04 23:53:11
user,4701,초급 한국어,2022-07-04 23:53:22
company,46,유영국,2022-07-05 00:11:33
company,46,유영국,2022-07-05 00:11:52
company,46,유영국,2022-07-05 00:12:01
company,46,유영국,2022-07-05 00:14:14
company,46,유영국,2022-07-05 00:15:06
company,46,이건희,2022-07-05 00:15:21
company,46,이건희,2022-07-05 00:15:28
company,46,이건희,2022-07-05 00:15:34
company,46,이건희,2022-07-05 00:16:01
company,46,이건희,2022-07-05 00:16:25
company,46,이건희,2022-07-05 00:17:01
company,46,이건희,2022-07-05 00:17:21
company,46,이건희,2022-07-05 00:18:12
company,46,이건희,2022-07-05 00:18:24
company,46,이건희,2022-07-05 00:18:32
company,46,이건희,2022-07-05 00:18:59
company,46,이건희,2022-07-05 00:19:25
company,46,이건희,2022-07-05 00:19:39
company,46,이건희,2022-07-05 00:19:53
company,46,이건희,2022-07-05 00:20:10
company,46,이건희,2022-07-05 00:20:22
company,46,이건희,2022-07-05 00:20:55
company,46,이건희,2022-07-05 00:21:15
company,46,이건희,2022-07-05 00:22:02
company,46,이건희,2022-07-05 00:28:26
company,46,이건희,2022-07-05 00:28:37
company,46,이건희,2022-07-05 00:28:59
company,46,이건희,2022-07-05 00:29:53
company,46,이건희,2022-07-05 00:30:34
company,46,이건희,2022-07-05 00:31:14
company,46,이건희,2022-07-05 00:31:44
company,46,이건희,2022-07-05 00:32:04
company,46,이건희,2022-07-05 00:32:44
company,46,이건희,2022-07-05 00:33:37
company,46,이건희,2022-07-05 00:34:07
company,46,이건희,2022-07-05 00:34:25
company,46,이건희,2022-07-05 00:34:44
company,46,남재작,2022-07-05 00:37:02
company,46,구본창,2022-07-05 00:41:52
company,46,구본창,2022-07-05 00:42:00
company,46,구본창,2022-07-05 00:42:05
company,46,구본창,2022-07-05 00:43:16
company,46,구본창,2022-07-05 00:45:12
company,46,구본창,2022-07-05 00:47:01
company,46,강홍구,2022-07-05 00:48:01
company,46,강홍구,2022-07-05 00:48:07
company,46,강홍구,2022-07-05 00:48:14
company,46,강홍구,2022-07-05 00:49:06
company,46,강홍구,2022-07-05 00:50:07
company,46,김병걸,2022-07-05 00:50:58
company,46,김병걸,2022-07-05 00:51:03
company,46,김병걸,2022-07-05 00:51:12
company,46,김병걸,2022-07-05 00:51:39
company,46,김병걸,2022-07-05 00:51:58
company,46,데비한,2022-07-05 00:52:11
company,46,유현미,2022-07-05 00:52:23
company,46,유현미,2022-07-05 00:52:26
company,46,유현미,2022-07-05 00:52:33
company,46,유현미,2022-07-05 00:53:46
company,46,유현미,2022-07-05 00:54:25
company,46,한미사진미술관,2022-07-05 00:54:30
company,46,한미사진미술관,2022-07-05 00:54:35
company,46,한미사진미술관,2022-07-05 00:54:41
company,46,한미사진미술관,2022-07-05 00:55:45
company,46,한미사진미술관,2022-07-05 00:56:29
company,46,한미사진미술관,2022-07-05 00:57:09
company,46,한미사진미술관,2022-07-05 00:58:01
company,46,한미사진미술관,2022-07-05 00:58:28
company,46,한미사진미술관,2022-07-05 00:59:19
company,46,임양환,2022-07-05 00:59:54
company,46,장승효,2022-07-05 01:00:17
company,46,정동석,2022-07-05 01:00:34
company,46,정동석,2022-07-05 01:01:42
company,46,천경우,2022-07-05 01:01:59
company,46,고남수,2022-07-05 01:02:50
company,46,김대수,2022-07-05 01:03:01
company,46,김대수,2022-07-05 01:03:15
company,46,김대수,2022-07-05 01:03:39
company,46,김대수,2022-07-05 01:04:11
company,46,김대수,2022-07-05 01:04:20
company,46,김윤호,2022-07-05 01:04:31
company,46,김윤호,2022-07-05 01:04:53
company,46,김윤호,2022-07-05 01:05:03
company,46,김윤호,2022-07-05 01:05:15
company,46,김윤호,2022-07-05 01:05:43
company,46,노순택,2022-07-05 01:05:53
company,46,노순택,2022-07-05 01:06:11
company,46,노순택,2022-07-05 01:07:54
company,46,민병헌,2022-07-05 01:09:29
company,46,염중호,2022-07-05 01:10:20
company,46,주상연,2022-07-05 01:10:32
company,46,최병관,2022-07-05 01:11:04
company,46,최병관,2022-07-05 01:11:08
company,46,최병관,2022-07-05 01:11:14
company,46,최병관,2022-07-05 01:12:02
company,46,최병관,2022-07-05 01:13:29
user,4701,토픽,2022-07-05 03:05:01
company,46,9791191847062,2022-07-05 07:00:01
company,46,9791197010316  9791197010316 9791197010361  9791197010385 9791197082757 9791197082764 9791197199837 9791197199844 9791191847178 9791197422157  9791197422188 9791191847048 9791197422195 9791197422140 9791197422133,2022-07-05 07:01:30
company,46,9791197010316  9791197010316 9791197010361  9791197010385 9791197082757 9791197082764 9791197199837 9791197199844 9791191847178 9791197422157  9791197422188 9791191847048 9791197422195 9791197422140 9791197422133,2022-07-05 07:01:52
company,46,마나문고,2022-07-05 07:02:07
company,46,마나문고,2022-07-05 07:02:15
company,46,마나문고,2022-07-05 07:02:28
company,46,마나문고,2022-07-05 07:07:01
company,46,마나문고,2022-07-05 07:08:47
company,46,마나문고,2022-07-05 07:09:03
company,46,마나문고,2022-07-05 07:09:49
company,46,마나문고,2022-07-05 07:10:10
user,5173,사랑해요 한국어(I LOVE KOREAN),2022-07-07 00:58:29
user,5172,sejong 1,2022-07-07 01:32:59
user,5172,sejong,2022-07-07 01:37:04
user,5172,sejong I,2022-07-07 01:37:19
user,663,korean blackpink,2022-07-07 02:44:24
user,663,Kpop korean,2022-07-07 02:44:36
user,663,Kpop,2022-07-07 02:44:45
user,663,korean Kpop,2022-07-07 02:45:00
user,663,korean,2022-07-07 02:45:15
user,663,살아있는 한국어,2022-07-07 02:46:57
user,663,kpop dictionary,2022-07-07 02:48:30
user,663,korean proverbs,2022-07-07 02:48:44
user,663,Learning Korean Through Tasks,2022-07-07 02:50:32
user,663,살아있는 한국어,2022-07-07 02:50:52
user,663,"외국인을 위한 한자어 50 한자로 2,000 어휘 늘리기",2022-07-07 02:52:18
user,663,Essential Korean Proverbs,2022-07-07 02:52:39
user,663,korean picture dictionary,2022-07-07 02:54:43
user,663,korean for kpop travellers,2022-07-07 02:57:39
user,663,korean for kpop,2022-07-07 02:57:46
user,663,korean for kpop,2022-07-07 02:57:50
user,663,for k-pop travelers,2022-07-07 02:58:09
user,663,korean,2022-07-07 02:59:19
user,663,daily routine,2022-07-07 03:01:56
user,663,first 500 words,2022-07-07 03:02:23
user,663,my first,2022-07-07 03:02:47
user,663,my first 500,2022-07-07 03:02:56
user,663,my first korean,2022-07-07 03:03:03
user,663,살아있는 한국어,2022-07-07 03:04:48
user,663,살아있는 한국어,2022-07-07 03:06:23
user,663,살아있는 한국어,2022-07-07 03:11:52
company,46,한국,2022-07-08 10:06:55
company,46,8979984332 9788994947082 9788985114387 9791158660758 9791187324065 9788955561760 9791157153848 9791187425311 9788955561975 8957250006 9791159010767 9788973000432 8958624973 8992582803 8983124202 9791187349051 9791159615757 6108991057455 9788985395243 9788983922021,2022-07-09 04:59:25
company,46,9788983922021 9786000841898 9788955562491 9788980382996 9788991057180 8988527372 9788955563719 9788920020278 8958173211 9788978801935 9788994660042 9788996558262 9791161610214 8952118413 9791160710212,2022-07-09 05:01:53
company,46,8971997095 8996413585 9788969106575 9791155783634 9788920020100 9788920020124 9788955562811 9788955564297 9788955564228 8955565763 8955561253 8962970015 8962970120 8962970341 8962970198 8962970171 9788988906101 8963472035 8998534622 9788971395097 8956250766 8962923904 9788972182443 8920014566 9788990650870 9788918031460 9788989722373 9788987509211 8984794392 9788982063572,2022-07-09 05:04:31
company,46,8975323986 9791186554012 9791185654676 9788997375097 9788999900518 9791195736614 9788991593633 8959667641 8959666327 8973668455 9791156022749 895906422X 9791133921249 899814347X 9791161468389 9791195608188 9791188499434 9788961378994 9788992517164 9788961378420 9788985465403 8965745918  9788959334674,2022-07-09 05:08:28
company,46,9788956451824 9788987635637 9791158861681 8959335797 9788932308678 9788990586049 9781538753255 9788970870267 9788970870038 9788970870335 9791127240035 9791157831722 9788983395696 8937483106 9788936474645 9788936474720 9788993093278 9791130433578 9791130432236 9791130433103 9791189185084 8984313785 9788985200035 8974503050 8951116557 8984444618,2022-07-09 05:10:20
company,46,8991729371 9791196118938 9791163720546 9791155550014 9788946021921 8968501467 8978464432 8994255214 9788924059441 897090803X 9791196541620 9791127282677 9791196279943 9788936474522 8984775878 8984775983 8984775991 9788984776098 8984776688 8998742268 8946058188 8946059087 8946059672 9791156924241 9791156924357 9791186324578 9791186324752 8994033971 9791160710441 9791127288310 9788971998960 8974838052 8974838141 9788961874953 9788992407403 9791188819638 8955968280 8965251168 9791196689537 896437164X 9791196922702 9788965236108 9791196020651 9791196478810 9791160710489 8967360231,2022-07-09 05:14:24
company,46,9788994255866 9791155780077 8993901139 8918091044 9788918910291 9791196490706 9788992448956 8985460315 893031712X 9791185395975 9791187806356 9791187806332 9791187806417 9791187806370 9791187806226 9791187806394 9791187806431 9791187806363 9791187806776 9791187806790 9791162471661 9788959668052 9788924052565 9788924067446 8984338281 8984338249 8984338257 8984338591 9791155160060 9791155160268 9791160710496 9791186324646 8994033211 9791160710472 9791186324936 9791186324899 9791186324943 9791186324967 9791186324981 9791186324998 9791190480079 9791190480000 9791186012628  9791161616414 9791160710762 9791190480048 9791160710922,2022-07-09 05:21:25
company,46,9791160710922 895211163X 9788961875257 8992190085 9788934905486 9788993741315 8996879843 9791190476027 9788988433584 9788946071933 9788946068995 9788936510725 8936511122 8936513354 9791188819652 9788963032320 9788963032351 9788963032399 9791196777159 9791185939384 9791196071707 8974092921 8974093707 9791196830328 9791156057192 9788993741322 8994815805 8939805003 9788996781059 9791188768264 8992421834 9791162223833 8971992905 8992421788 9788982180804 9791196455507 9791195507566 9791137221109 9788936474683 9788991663824 9791190719018 9791188756575 8946063254 9788970636856 9788956262239 9788962921724 9788953463387,2022-07-10 01:03:06
company,46,8992842090 9791186324776 9791161616704 9791161617312 9791161618784 9791190480154 9791190480192 9791190480123 9791160710960 9791165990008 9791186324745 9791186012475 9791160710939 9791190480178 9791190480161 9791160710991 9791160711011 9791160711004 9791160711042 9791160711028 9788966612253 9791137220997 8972976210 9788991197107 8995132655 8962620030 9788991057258 8971156325 9788985127172 8992904088 9788995924839 9791156121770 8936314343 8994940340 8995924829 3960700415 9788924073317 9791156620679 8994006222 9788997315390 8965640741 9791188756568 9791158666378 9788928515356 9788972187097,2022-07-10 01:09:22
company,46,979-11-5662-068-6,2022-07-10 01:14:40
company,46,9791156620686,2022-07-10 01:35:46
company,46,9791156620754,2022-07-10 01:39:46
company,46,979-11-5662-080-8,2022-07-10 01:40:26
company,46,9791156620808,2022-07-10 01:40:39
company,46,9791156620815,2022-07-10 01:41:55
company,46,9791156620822,2022-07-10 01:42:56
company,46,9791156620853,2022-07-10 01:44:00
company,46,9791156620860,2022-07-10 01:44:54
company,46,9791156620877,2022-07-10 01:45:48
company,46,9788962572889 1635190118 9791155800966 9788952129567 9788952129543 9791158666392 8985215744 8985215353 8985215906 9791185700151 9788953457829 9788953457805 9788953459182 895346000X 8990644305 8953465915 8994255435 9791195259625 9791159619281 9788983961808 9788985749268 9788936470654 9788981337452 9788985331906 9788953422926 9788953453708 8994741135 9791195762408 9791196964900 9788952105370 9788955660357 9791165508388 9788940050071 9788960781054 9788956025872 9788964357316 9788997835430 8809087894975 2001235001112 9788991175228 9791158621377 9788985464062 9791188307029 9791196810580 9788936306687 9788932311432 9788995790588 9788963032542 9791197420917 9788973166077,2022-07-10 01:55:16
company,46,9788962572889 1635190118 9791155800966 9788952129567 9788952129543 9791158666392 8985215744 8985215353 8985215906 9791185700151 9788953457829 9788953457805 9788953459182 895346000X 8990644305 8953465915 8994255435 9791195259625 9791159619281 9788983961808 9788985749268 9788936470654 9788981337452 9788985331906 9788953422926 9788953453708 8994741135 9791195762408 9791196964900 9788952105370 9788955660357 9791165508388 9788940050071 9788960781054 9788956025872 9788964357316 9788997835430 8809087894975 2001235001112 9788991175228 9791158621377 9788985464062 9791188307029 9791196810580 9788936306687 9788932311432 9788995790588 9788963032542 9791197420917 9788973166077,2022-07-10 01:59:33
company,46,9788962572889 1635190118 9791155800966 9788952129567 9788952129543 9791158666392 8985215744 8985215353 8985215906 9791185700151 9788953457829 9788953457805 9788953459182 895346000X 8990644305 8953465915 8994255435 9791195259625 9791159619281 9788983961808 9788985749268 9788936470654 9788981337452 9788985331906 9788953422926 9788953453708 8994741135 9791195762408 9791196964900 9788952105370 9788955660357 9791165508388 9788940050071 9788960781054 9788956025872 9788964357316 9788997835430 8809087894975 2001235001112 9788991175228 9791158621377 9788985464062 9791188307029 9791196810580 9788936306687 9788932311432 9788995790588 9788963032542 9791197420917 9788973166077,2022-07-10 02:03:25
company,46,9788936433734,2022-07-10 02:12:10
company,46,9788936436612,2022-07-10 02:18:39
company,46,동국대학교출판문화원,2022-07-10 06:18:02
company,46,동국대학교,2022-07-10 06:18:17
company,46,동국대학교,2022-07-10 06:18:40
company,46,동국대학교,2022-07-10 06:18:42
company,46,동국대학교,2022-07-10 06:19:17
company,46,동국대학교,2022-07-10 06:19:33
company,46,동국대학교,2022-07-10 06:20:15
company,46,동국대학교,2022-07-10 06:21:21
company,46,동국대학교,2022-07-10 06:22:06
company,46,동국대학교,2022-07-10 06:22:41
company,46,동국대학교,2022-07-10 06:23:31
company,46,동국대학교,2022-07-10 06:23:56
company,46,동국대학교,2022-07-10 06:24:14
company,46,동국대학교,2022-07-10 06:24:31
company,46,동국대학교,2022-07-10 06:24:47
company,46,동국대학교,2022-07-10 06:25:26
company,46,동국대학교,2022-07-10 06:25:37
company,46,동국대학교,2022-07-10 06:25:59
company,46,동국대학교,2022-07-10 06:26:10
company,46,동국대학교,2022-07-10 06:26:31
company,46,동국대학교,2022-07-10 06:26:43
company,46,동국대학교,2022-07-10 06:26:54
company,46,동국대학교,2022-07-10 06:27:15
company,46,동국대학교,2022-07-10 06:28:19
company,46,동국대학교,2022-07-10 06:33:19
company,46,동국대학교,2022-07-10 06:33:35
company,46,동국대학교,2022-07-10 06:33:49
company,46,동국대학교,2022-07-10 06:34:12
company,46,동국대학교,2022-07-10 06:34:25
company,46,동국대학교,2022-07-10 06:36:43
company,46,동국대학교,2022-07-10 06:36:52
company,46,동국대학교,2022-07-10 06:37:04
company,46,동국대학교,2022-07-10 06:37:41
company,46,동국대학교,2022-07-10 06:38:00
company,46,동국대학교,2022-07-10 06:38:24
company,46,동국대학교,2022-07-10 06:38:35
company,46,동국대학교,2022-07-10 06:38:53
company,46,동국대학교,2022-07-10 06:39:03
company,46,동국대학교,2022-07-10 06:39:11
company,46,동국대학교,2022-07-10 06:39:22
company,46,동국대학교,2022-07-10 06:39:36
company,46,동국대학교,2022-07-10 06:40:02
company,46,동국대학교,2022-07-10 06:40:12
company,46,동국대학교,2022-07-10 06:40:36
company,46,동국대학교,2022-07-10 06:40:50
company,46,동국대학교,2022-07-10 06:41:00
company,46,동국대학교,2022-07-10 06:41:13
company,46,동국대학교,2022-07-10 06:41:54
company,46,동국대학교,2022-07-10 06:42:10
company,46,동국대학교,2022-07-10 06:42:33
company,46,동국대학교,2022-07-10 06:42:51
company,46,동국대학교,2022-07-10 06:43:34
company,46,9788978013895 9788978014496 9788978014892 9788978015301 9788978019408 9788978019736 9788978019866 9791197343346 9791191670110,2022-07-10 06:48:57
company,46,9791160686807 9791160686814 9791160686821 9791160686838 9791160686845 9791160686852 9791160686869 9791160686876 9791160686883 9791160686890 9791160686906 9791160686913,2022-07-10 07:00:11
company,46,9791160686807 9791160686814 9791160686821 9791160686838 9791160686845 9791160686852 9791160686869 9791160686876 9791160686883 9791160686890 9791160686906 9791160686913,2022-07-10 07:00:36
company,46,9791160686807 9791160686814 9791160686821 9791160686838 9791160686845 9791160686852 9791160686869 9791160686876 9791160686883 9791160686890 9791160686906 9791160686913,2022-07-10 07:00:51
company,46,9791160686777,2022-07-10 07:03:08
company,46,9791160686784,2022-07-10 07:03:38
company,46,9791160686791,2022-07-10 07:04:05
company,46,9791160686807,2022-07-10 07:04:31
company,46,9791160686814,2022-07-10 07:05:07
company,46,9791160686821,2022-07-10 07:05:32
company,46,9791160686838,2022-07-10 07:05:55
company,46,9791160686845,2022-07-10 07:06:21
company,46,담앤북스 ,2022-07-10 07:09:35
company,46,담앤북스 ,2022-07-10 07:09:40
company,46,담앤북스 ,2022-07-10 07:09:42
company,46,담앤북스 ,2022-07-10 07:09:57
company,46,담앤북스 ,2022-07-10 07:10:15
company,46,담앤북스 ,2022-07-10 07:10:27
company,46,담앤북스 ,2022-07-10 07:10:37
company,46,담앤북스 ,2022-07-10 07:10:50
company,46,담앤북스 ,2022-07-10 07:11:03
company,46,담앤북스 ,2022-07-10 07:11:14
company,46,담앤북스 ,2022-07-10 07:11:40
company,46,담앤북스 ,2022-07-10 07:11:50
company,46,담앤북스 ,2022-07-10 07:12:18
company,46,담앤북스 ,2022-07-10 07:12:26
company,46,담앤북스 ,2022-07-10 07:12:43
company,46,담앤북스 ,2022-07-10 07:12:55
company,46,담앤북스 ,2022-07-10 07:13:08
company,46,담앤북스 ,2022-07-10 07:13:35
company,46,담앤북스 ,2022-07-10 07:13:53
company,46,담앤북스 ,2022-07-10 07:13:59
company,46,담앤북스 ,2022-07-10 07:14:09
company,46,담앤북스 ,2022-07-10 07:15:19
company,46,담앤북스 ,2022-07-10 07:15:27
company,46,9791159053894 9791196388041 9791196680305 9791158664329 9791161291024 9788930006491 9788965414254 9791162950104 9791196076078 9791187746294 9788994637907 9791188990290 9791196270322 9788984776647 9791188353125 9791185253640 9791185346939 9791188836260 9788972759706 9791196624910 9788958174448 9788994626796 9791162995990 9791159300974 9791195309566 9791159679278 9788951119620,2022-07-10 07:23:01
company,46,9791159053894 9791196388041 9791196680305 9791158664329 9791161291024 9788930006491 9788965414254 9791162950104 9791196076078 9791187746294 9788994637907 9791188990290 9791196270322 9788984776647 9791188353125 9791185253640 9791185346939 9791188836260 9788972759706 9791196624910 9788958174448 9788994626796 9791162995990 9791159300974 9791195309566 9791159679278 9788951119620,2022-07-10 07:26:16
company,46,9791159053894 9791196388041 9791196680305 9791158664329 9791161291024 9788930006491 9788965414254 9791162950104 9791196076078 9791187746294 9788994637907 9791188990290 9791196270322 9788984776647 9791188353125 9791185253640 9791185346939 9791188836260 9788972759706 9791196624910 9788958174448 9788994626796 9791162995990 9791159300974 9791195309566 9791159679278 9788951119620,2022-07-10 07:27:10
company,46,9791187951094 9788995940563 9791187951049 9788995940587 9791187951018 9791187951032 9791187951001 9791187951087,2022-07-10 09:21:43
company,46,9788961877138 9788961877077 9788961876834 9788961877107 9788961877145 9788961876841,2022-07-10 09:40:47
company,46,9788961876742,2022-07-10 09:43:45
user,5191,이화 한국어,2022-07-10 16:58:05
user,5191,3-2,2022-07-10 16:58:35
user,5191,이화 한국어 3-2,2022-07-10 16:58:56
user,5191,이화 한국어 workbook,2022-07-10 16:59:23
user,4928,978-89-491-1411-8,2022-07-11 18:47:03
user,4928,978894911418,2022-07-11 18:47:18
user,4928,9788932373706,2022-07-11 18:48:00
user,4928,9788949114118,2022-07-11 18:48:38
user,4928,9788949112053,2022-07-11 18:49:34
user,4928,백희나,2022-07-11 18:52:12
user,4928,9788949112114,2022-07-11 19:12:41
user,4928,이수지,2022-07-11 19:12:53
user,4928,이수지,2022-07-11 19:21:11
user,4928,9788932373706,2022-07-11 19:26:42
user,4928,benji davis,2022-07-11 19:34:04
user,4928,벤지 데이비스,2022-07-11 19:34:37
user,4928,올리버 제퍼스,2022-07-11 19:35:10
user,4928,줄리아 도널드슨,2022-07-11 19:39:47
user,4701,빈도별,2022-07-12 06:40:45
user,4701,talk talk,2022-07-12 06:42:07
user,4701,topik,2022-07-12 06:44:25
user,4701,darakwon,2022-07-12 06:44:46
company,46,엄흥도,2022-07-12 22:51:53
user,3589,폴리매스,2022-07-13 07:38:15
user,5121,piplang,2022-07-13 10:09:18
company,63,소녀의 세계,2022-07-13 10:34:45
company,63,소녀의 세계,2022-07-13 10:37:09
company,63,8809270749983,2022-07-13 10:48:41
company,63,DVD,2022-07-13 10:49:50
user,5203,고양이 학교,2022-07-13 12:01:00
user,4404,서울대 한국어 2,2022-07-13 13:01:55
user,4404,서울대 한국어 2,2022-07-13 13:02:06
company,46,9791188401239 9791196691356 9791195267828 8967360800 9791185700021 9788997748730 9791186625255 9788930413602 9791195625208 9791163950202 9788994239385 9788928902118 9791187190493 9788999901553 9788989449744 9791187822479 9791196139131 9791165450434 9788963032368 9788981604233 9791157001699 9791195526192 9788955573657 9791195562053 9791196049805 9791187938026 9788996248262 9788956070940 8809487620020 9788982759826 9791195991112 9788996982920 9788996744689,2022-07-13 13:10:45
company,46,9791196891114 9791196921729  9791187308126 9788968502712 9791196789213  8996928259 8929913075 9791188024278 7051769003516 8993203911 8992973217 8970599800 9791189163013 9788998143657 8992290217 9788961874199 9788990589750 9788990589675 9788997229802 9791185501093 9788996870852 9788996870845 9791159332104 9791159681431 8989933943 8963031667 8960891657 8963031616 8990536146 9791195672042,2022-07-13 13:14:41
company,46,8994637508 9791195375523 9788970599748 9791195728237 8998443775 9791187547105 9791195212323 9791161654492 9788991729353 9788980363391 9791186187012 9788918091594 9781565812314 9788996388296 9788997912339 9788992243964 9791130330051    9791185005416 9791188499038 9788993241525 8996584045 9791185516202 9788987648699 9788987648705 9791188924004 9791185939513 9791195697946 9791157001194 9788973654185 9788992788915 9791195979714 9791161610054 9788957464953 9788978015806 9788978015813 9788931108514 8996131199 9788928404889 9788984798199 9788964412688 9791188164035 9791195331185 9791156921165 9788993382624 9788992788618 9788979778526 9788955560732,2022-07-13 13:18:17
company,46,9788993899832 9788928401581 9788955312270 9791156041542 8959893056 7911559803099 9788993958751 9788994885025 9791155980323 9791156215677 9791185948386   9791185575070 9788996888505 9791155980316 8993958734 8981205094 9791195566204 8997639609 9788927423393 9791196092108 9788996801450 978896798039 9788968174865 9788993721270 9788966271405 9781624120497 9791195636426 9791195434763 9791186553435   8996250902 9788985903202 9788985903202 8964380983   9788984941755 9791159826337 9788967980368 9791159330759 9788998717360 9788985256131 9788985788960  9788991057050,2022-07-13 13:22:27
company,46,9788991057234  8957265163  9788952717696 9788978011372 9788996876656  9788995592472 9788991571099 9788991571105 9788991571112 8971419601 9788925873343 9788973661923 9788982224676  8929903150 9788999900235 8984330612 8973002880 9788991960244 9788995381052 9788989664048 9791185333182 9788949911434 9788993000337 9791186643013 9788995643853 9791195213214 9791157668519 9788955312454 9791195220229 9791195204601 9788962511864  9791185381060 9788993043648 9788963527574 9791155283561  9791195144808 9788996968771 9788993736076 9791195103300 9791195299720 9791195299713 9788987897769 9791195299706 9791195272044,2022-07-13 13:22:55
company,46,"9788993852189 9788955683929 9788956689739 9788957113707 9788977282452 9788998369033 9788993661187 897429530X 9788992076265 9788992390477 9788957464250 9788995488461 9791186402856  9788992096126 9788967980269 9788973660155 9791195212002 9788993354607 9791195128310 9791185913360 9791193428405 9788997517336 9791155380826 9788961781015 9788995524046 9788994033471 8984480231  9788986421347  9788952103826 9788935663521 9788957591840, 9788939204430 9788995987537 9788995872178 9791195510313 9788968180460 9788983124029 9791195397310 9788965780984 9791155480328 9788959666560 9788967820183 9788996153429 2090000030792 9788988417720  9788960353015 9788973270002",2022-07-13 13:23:37
company,46,2007898007621 9788972573623 9788953448261 9788959121113 9788988428122 9788980382798 9788995071465 9788945658630 9788959120550 9788983754653 9788991903142 9788944803031  9788978167062 9788930039208 2008970000233 9788995919187 9788996420316 2007898007393 9788972181408 2011593000986 2002231000109 9788984212350  2000970000039 9788937445422 9791156120094  9788984290808  9788973562992  9788972181293 9788987129471 8960133272 9788986871074 9788980385829 9788971801802   9788984983502 9788981620097 898862100X 899596569X 9788970331164  9788956990064  9788982732836 9788985635301,2022-07-13 13:24:17
company,46,9788936411541 8989524482  8946020202 9788990365507 8959060631 9788980071074 9788976962331 8957690646 8957691073 9788988410974 9788993419450 9788928709748 9791185184159 9788978167451 9788925409078 9788925409085 9788994912004 9788989011699 9788984306288 9788996769606 9788994047911  9788999900075 9788989553809 9791155500576 9788974292874 9788974292904 9788974297206 9788974292935 9788974292836 9788974297152  9788991553910 9788992166799 9791185272030 9788961781664 9788993719321  9788959926909 9788995498880 9791195110148 9788997558080 8225392974 9791185594002  9788990151490 9788960311886 9788992700122,2022-07-13 13:24:40
company,46,9788968180446 9788994144122 9788974297169 9788974297138 9788974297145 8984941069 9788993739336. 9788984393554 9788984796201 9788991334069 9788992259545 9788982224386 8932472033 9788980316380 9788989553793 9788984656215 9788992093309 9788977783805 9788959665402 9788992885621  9788993719352 9788976757784 9788993093100  9788996225942  9788957491379  9788995438633   9788979868876 9788996272526  9788959961344,2022-07-13 13:26:59
user,5204,대학강의수강을 위한 한국어,2022-07-13 15:39:21
user,5204,대학강의수강을 위한 한국어,2022-07-13 15:40:53
user,5204,대학강의수강을 위한 한국어,2022-07-13 17:33:04
user,4900,"아빠, 나 이 결혼 안 할래요! 3(한정판)",2022-07-13 20:29:24
user,4900,"아빠, 나 이 결혼 안 할래요! 3(한정판)",2022-07-13 20:29:36
user,4900,"아빠, 나 이 결혼 안 할래요! 3(한정판)",2022-07-13 20:29:40
user,4900,"아빠, 나 이 결혼 안 할래요! 3(한정판)",2022-07-13 20:29:43
user,4900,"아빠, 나 이 결혼 안 할래요! 3(한정판)",2022-07-13 20:29:44
user,4900,"아빠, 나 이 결혼 안 할래요! 3(한정판)",2022-07-13 20:29:44
user,4900,"아빠, 나 이 결혼 안 할래요! 3(한정판)",2022-07-13 20:29:44
user,4900,"아빠, 나 이 결혼 안 할래요! 3(한정판)",2022-07-13 20:29:53
user,4900,"아빠, 나 이 결혼 안 할래요! 3(한정판)",2022-07-13 20:30:10
user,4900,"아빠, 나 이 결혼 안 할래요!",2022-07-13 20:30:28
user,4900,painter of the night,2022-07-13 21:35:35
user,5205,비타민 한국어,2022-07-13 22:41:38
user,5206,3-2 workbook,2022-07-13 23:30:05
user,5206,Ewha Korean 3-2 Workbook 워크북,2022-07-13 23:30:47
user,5206,Ewha Korean 3-2 Workbook,2022-07-13 23:30:49
user,5206,Ewha Korean 3-2,2022-07-13 23:30:51
user,5206,이화,2022-07-13 23:31:05
user,5206,이화 3-2,2022-07-13 23:31:16
user,5206,이화 3,2022-07-13 23:31:19
user,5206,이화,2022-07-13 23:31:21
user,5206,이화 한국어,2022-07-13 23:31:30
user,3589,폴리매스,2022-07-14 07:49:36
user,3589,선장,2022-07-14 07:49:53
user,3589,성장,2022-07-14 07:50:12
user,5210,이화 한국어,2022-07-14 10:42:56
user,4535,서울대 한국어 2A,2022-07-15 23:07:10
user,4535,서울대 한국어 2B,2022-07-15 23:07:16
user,5212,피터팬,2022-07-16 01:25:52
user,5213,drama,2022-07-16 21:38:02
company,46,북한,2022-07-19 14:12:09
user,4832,무례한,2022-07-20 08:22:34
user,4832,모든 사람,2022-07-20 08:22:52
user,4832,모든 사람에게,2022-07-20 08:22:59
user,4832,기분,2022-07-20 08:23:12
user,4832,기분을 관리하면,2022-07-20 08:23:26
user,4832,악의 게이고,2022-07-20 08:23:37
user,4832,악의,2022-07-20 08:23:41
user,4832,게이고,2022-07-20 08:23:59
user,4900,초호화 한정판,2022-07-20 16:04:46
user,4928,9788949100470,2022-07-20 20:28:47
user,4928,9791185564227,2022-07-20 20:30:42
user,5019,topik,2022-07-21 22:04:40
user,5241,악역의 엔딩은 죽음뿐,2022-07-22 15:31:08
user,5246,이찬수,2022-07-23 11:39:28
user,5250,통증혁명,2022-07-24 10:13:32
user,5255,글림자,2022-07-25 05:11:59
user,5121,piplang,2022-07-25 13:47:32
user,5116,learn korean with bts,2022-07-25 17:44:00
user,5264,snu 1a,2022-07-26 02:34:50
user,5240,신의 탑,2022-07-26 03:56:10
company,46,9791197850004 9788949966267 9788955084672 9788955084689 9788963221885 9788963764962 9788972142126 9788977700000 9788982501494 9791130341958 9791130342306 9791157062607 9791160687088 9791163033608 9791165457426 9791168230118 9791189150297 9791190535090 9791197879807,2022-07-26 06:11:36
company,46,9791197850004 9788949966267 9788955084672 9788955084689 9788963221885 9788963764962 9788972142126 9788977700000 9788982501494 9791130341958 9791130342306 9791157062607 9791160687088 9791163033608 9791165457426 9791168230118 9791189150297 9791190535090 9791197879807,2022-07-26 06:13:16
company,46,9791197850004 9788949966267 9788955084672 9788955084689 9788963221885 9788963764962 9788972142126 9788977700000 9788982501494 9791130341958 9791130342306 9791157062607 9791160687088 9791163033608 9791165457426 9791168230118 9791189150297 9791190535090 9791197879807,2022-07-26 06:14:17
company,46,9791197850004 9788949966267 9788955084672 9788955084689 9788963221885 9788963764962 9788972142126 9788977700000 9788982501494 9791130341958 9791130342306 9791157062607 9791160687088 9791163033608 9791165457426 9791168230118 9791189150297 9791190535090 9791197879807,2022-07-26 06:14:22
user,5267,꽃보다 맑음,2022-07-26 19:37:49
user,5267,꽃보다 맑음,2022-07-26 19:39:51
user,5267,꽃보다 맑음,2022-07-26 19:41:49
user,5267,드래곤 볼,2022-07-26 19:42:22
user,5267,드래곤볼,2022-07-26 19:42:29
user,5267,드래곤볼 총집편,2022-07-26 19:43:45
user,5271,Korean grammar in use,2022-07-27 02:18:03
user,5271,아몬드,2022-07-27 02:18:35
user,5271,모든 순간이 너였다,2022-07-27 02:21:50
user,5271,소년이 온다,2022-07-27 02:23:33
user,5271,사랑하라 한버도 상처방지않은 것처럼,2022-07-27 02:25:31
user,5271,사랑하라 한번도 상처받지 않은 것 처럼,2022-07-27 02:26:02
user,5271,사랑하라 한번도 상처받지 않은 것처럼,2022-07-27 02:26:08
user,5271,나는 나로 살기로했다,2022-07-27 02:27:40
user,5271,나는 나로 살기로 했다,2022-07-27 02:27:53
user,5271,집에 있는데도 집에 가고 싶어,2022-07-27 02:32:02
user,5271,history,2022-07-27 02:35:06
user,5271,한국사,2022-07-27 02:37:03
user,5271,불편한,2022-07-27 02:51:19
user,5271,남남,2022-07-27 03:01:43
user,5271,달마부장,2022-07-27 03:03:33
user,5271,내 인생에서 가장 위대한 늑대,2022-07-27 03:09:52
user,5271,늑대,2022-07-27 03:10:14
user,5271,가장 위대한 늑대,2022-07-27 03:11:32
user,5271,달콤한 가정,2022-07-27 03:12:35
user,5271,가정,2022-07-27 03:12:43
user,5271,홈,2022-07-27 03:13:42
user,5271,내 생애 최고의 늑대,2022-07-27 03:18:02
user,5271,내 생애 최고의 늑대,2022-07-27 03:19:19
user,5271,최고의 늑대,2022-07-27 03:20:22
user,5271,wolf of my life,2022-07-27 03:20:34
user,5271,스워트 홈,2022-07-27 03:21:26
user,5271,홈,2022-07-27 03:21:29
user,5279,feminism,2022-07-27 22:29:18
user,5279,women in korea,2022-07-27 22:29:26
user,2084,somatrio,2022-07-28 06:55:07
user,2084,trio,2022-07-28 06:55:13
user,2084,9788948309171,2022-07-28 07:02:57
user,2084,9791157800360,2022-07-28 07:09:44
user,2084,trio,2022-07-28 07:25:24
user,2084,9791195522057,2022-07-28 07:35:16
user,5290,reading kroean,2022-07-29 13:32:53
user,5290,reading korean,2022-07-29 13:32:57
user,5290,easy korean reading,2022-07-29 13:33:13
user,5031,i want to die but i want to eat,2022-07-29 14:14:35
user,4692,조정래,2022-07-29 22:13:54
user,4692,불놀이,2022-07-29 22:17:09
user,4692,대장경,2022-07-29 22:17:34
user,4692,상실의 풍경,2022-07-29 22:18:43
user,4692,황토,2022-07-29 22:19:33
user,5253,이태원,2022-07-29 22:56:10
user,5253,사내 맞선,2022-07-29 22:56:51
company,46,제주도,2022-07-30 03:48:16
company,46,제주도,2022-07-30 04:12:08
user,5295,늘 급한 일로 쫓기는 삶,2022-07-30 19:34:48
user,5295,기도 팀켈러,2022-07-30 19:35:27
user,5295,팀켈러,2022-07-30 19:35:33
user,5295,팀 켈러,2022-07-30 19:35:39
user,5295,"성경, 이렇게 믿으라",2022-07-30 19:36:17
user,5295,존 맥아더,2022-07-30 19:36:26
user,5295,만화 기독론,2022-07-30 19:38:39
user,5295,기독교의 기본진리,2022-07-30 19:39:11
user,5295,성령 세례와 충만,2022-07-30 19:40:06
user,5295,만화 구원론,2022-07-30 19:40:38
user,5295,내면세계의 질서와 영적 성장,2022-07-30 19:41:03
user,5295,부부학교,2022-07-30 19:41:28
user,5295,파인애플스토리,2022-07-30 19:41:54
user,5295,파인애플 스토리,2022-07-30 19:42:00
user,5295,5가지 사랑의 언어,2022-07-30 19:42:31
user,5295,제자교재,2022-07-30 19:43:13
user,5295,제자 교재,2022-07-30 19:43:19
user,5295,옥한음,2022-07-30 19:43:38
user,5295,제자,2022-07-30 19:43:46
user,5295,평신도를 깨운다,2022-07-30 19:45:43
user,5295,옥한흠,2022-07-30 19:46:39
user,5295,평신도를 깨운다,2022-07-30 19:48:08
user,5295,제자훈련 실패는 없다,2022-07-30 19:49:06
user,5295,제자도,2022-07-30 19:49:32
user,5295,소그룹으로 변화되는 역동적인 교회,2022-07-30 19:50:19
user,5295,개인성경연구,2022-07-30 19:50:41
user,5295,존 맥아더,2022-07-30 19:54:40
user,5295,평신도를 깨운다,2022-07-30 19:55:16
user,5295,종교,2022-07-30 20:19:45
user,5295,기독교,2022-07-30 20:21:00
user,5295,"성경, 이렇게 믿으라",2022-07-31 02:15:27
user,5295,만화 구원론,2022-07-31 02:15:55
user,5295,내면세계의 질서와 영적 성장,2022-07-31 02:16:26
user,5295,부부학교,2022-07-31 02:16:52
user,5295,파인애플 스토리,2022-07-31 02:17:10
user,5295,5가지 사랑의 언어,2022-07-31 02:17:31
user,5295,제자교재,2022-07-31 02:18:01
user,5295,제자,2022-07-31 02:18:08
user,5295,제자 훈련,2022-07-31 02:18:17
user,5295,제자,2022-07-31 02:18:39
user,5295,옥한음,2022-07-31 02:19:12
user,5295,국제제자훈련원,2022-07-31 02:19:42
user,5295,제자훈련 세트,2022-07-31 02:20:43
user,5295,평신도를 깨운다,2022-07-31 02:21:07
user,5295,제자훈련 실패는 없다,2022-07-31 02:21:25
user,5295,제자도,2022-07-31 02:21:44
user,5295,소그룹으로 변화되는 역동적인 교회,2022-07-31 02:22:15
user,5295,개인성경연구,2022-07-31 02:22:37
user,5298,죽음에 관하여,2022-07-31 10:25:08
user,5298,죽음에 관하여,2022-07-31 10:25:46
user,5298,죽음에 관하여,2022-07-31 10:26:41
user,5298,백 오피스,2022-07-31 10:27:28
user,5298,우리의 밤이 시작되는 곳,2022-07-31 10:27:53
user,5298,다이브,2022-07-31 10:28:11
user,5298,마법소녀,2022-07-31 10:28:39
user,5285,해커스,2022-07-31 11:38:48
user,5285,hackers reading intro,2022-07-31 11:39:16
user,5300,365,2022-07-31 12:34:40
user,5300,챌린지,2022-07-31 12:37:10
user,5300,상상 스퀘어,2022-07-31 12:37:37
user,5300,66,2022-07-31 12:37:45
user,5300,60,2022-07-31 12:38:07
user,5300,#66 챌린지,2022-07-31 12:40:33
user,5300,66 챌린지,2022-07-31 12:40:41
user,5300,66,2022-07-31 12:40:47
user,5300,조성흐;,2022-07-31 12:41:13
user,5300,조성희,2022-07-31 12:41:21
user,5300,더 플러스,2022-07-31 12:51:24
user,5301,Ewha Korean 1-2,2022-07-31 18:10:35
user,5301,Ewha Korean 1-2,2022-07-31 18:11:22
user,5301,Ewha Korean 1-2,2022-07-31 18:11:24
user,5301,Ewha Korean 1-2,2022-07-31 18:11:25
user,5301,Ewha Korean 1-2,2022-07-31 18:11:27
user,5301,Ewha Korean 1-2,2022-07-31 18:11:28
user,5301,Ewha Korean 1-2 workbook,2022-07-31 18:11:45
user,5305,tian guan ci fu,2022-08-01 05:07:11
user,5305,heavens official blessing,2022-08-01 05:07:21
user,5306,올해의 좋은 소설,2022-08-01 06:38:36
user,5306,2022 올해의 문제소설(현대문학 교수 350명이 뽑은),2022-08-01 06:39:40
user,5306,현장비평가가 뽑은 올해의 좋은 소설 2008,2022-08-01 06:39:57
user,5306,현장비평가가 뽑은 올해의 좋은 소설 2008,2022-08-01 06:40:39
user,5306,올해의 문제,2022-08-01 06:42:29
user,5306,올해의,2022-08-01 06:42:43
user,5306,올해의,2022-08-01 06:43:06
user,5306,박시정 소설집,2022-08-01 06:44:14
user,5306,박시정,2022-08-01 06:44:19
user,5306,강석 경 소설집,2022-08-01 06:45:00
user,5306,강석 경,2022-08-01 06:45:03
user,5306,강석경,2022-08-01 06:45:07
user,5306,강석 경,2022-08-01 06:48:26
user,5306,강석 경,2022-08-01 06:48:30
user,5306,강석경,2022-08-01 06:48:33
user,5306,미주 작가 소설집,2022-08-01 06:49:59
user,5306,미주 작가,2022-08-01 06:50:06
user,5306,미주작가,2022-08-01 06:50:11
user,5306,미주작가 소설집,2022-08-01 06:50:25
user,5306,안정효 소설집,2022-08-01 06:51:33
user,5306,안정효,2022-08-01 06:51:36
user,5306,안정효 소설집,2022-08-01 06:52:15
user,5306,안정효,2022-08-01 06:52:18
user,5306,안정효,2022-08-01 06:53:07
user,5306,안정효,2022-08-01 06:53:41
user,5306,한국,2022-08-01 06:54:05
user,5306,한국,2022-08-01 06:55:03
user,5306,한국,2022-08-01 06:57:01
user,5306,강석경,2022-08-01 06:57:19
user,5306,강석경,2022-08-01 06:57:51
user,5306,강석경,2022-08-01 06:59:12
user,5306,이효석 문학상 수상작품집,2022-08-01 07:01:15
user,5306,이효석 문학상 수상작품집,2022-08-01 07:02:12
user,5306,현장비평가가 뽑은 올해의 좋은 소설 2008,2022-08-01 07:31:52
user,5306,신성한 봄,2022-08-01 07:32:02
user,5230,재와 빨강,2022-08-01 09:19:53
user,5308,B애+,2022-08-01 12:15:53
user,5308,수화,2022-08-01 12:18:33
user,5308,수화,2022-08-01 12:18:47
user,5308,manhwa,2022-08-01 12:22:10
user,5308,bj alex,2022-08-01 12:22:23
user,5308,painter of the night,2022-08-01 12:22:32
user,5308,2반 이희수,2022-08-01 12:26:02
user,5311,Koryosa choryo,2022-08-01 20:13:37
user,5316,discover korean,2022-08-02 13:53:15
user,5316,korean 101,2022-08-02 13:53:24
user,5316,discover korean,2022-08-02 14:07:31
user,5316,comic,2022-08-02 14:16:22
company,46,9791195438105,2022-08-03 02:46:45
company,46,임정의,2022-08-03 02:47:21
company,46,임정의,2022-08-03 02:47:34
company,46,임정의,2022-08-03 02:47:44
company,46,임정의,2022-08-03 02:48:07
company,46,임정의,2022-08-03 02:48:28
company,46,임정의,2022-08-03 02:49:08
company,46,임정의,2022-08-03 02:51:32
company,46,임정의,2022-08-03 02:55:50
company,46,9788974092368,2022-08-04 00:31:08
user,2248,사랑해요 한국어 (일본어),2022-08-04 21:46:38
user,2248,사랑해요 한국어 2(SB)(일본어),2022-08-04 21:46:44
user,2248,사랑해요 한국어(일본어),2022-08-04 21:46:53
user,2248,사랑해요 한국어 일본어,2022-08-04 21:47:00
user,2248,사랑해요 한국어,2022-08-04 21:47:11
user,2092,Anytime Korean,2022-08-05 12:39:40
user,5342,죽고 싶지만,2022-08-06 21:10:10
user,5345,우영우,2022-08-07 11:34:15
user,4842,원피스,2022-08-09 05:20:54
user,5356,서울대 한국어,2022-08-09 12:16:57
user,5356,서울대 한국어,2022-08-09 12:41:59
user,5357,TOPIK,2022-08-09 13:26:34
user,5359,아몬드,2022-08-09 15:01:53
user,5362,나 혼자만 레벨업,2022-08-09 19:13:04
user,5362,盾の勇者の成り上がり,2022-08-09 19:19:50
user,5362,盾の勇者の成り上がり,2022-08-09 19:19:59
user,5362,盾の勇者の成り上がり,2022-08-09 19:20:04
user,5362,solo leveling,2022-08-09 19:20:21
user,5362,나 혼자만 레벨업,2022-08-09 19:42:17
user,3860,형민우,2022-08-10 09:12:15
user,5367,anytime korean beginning,2022-08-10 09:45:45
user,5367,anytime korean beginning,2022-08-10 12:32:59
user,5355,집에 있는데도 집에 가고 싶어,2022-08-10 13:50:49
user,5355,날씨가 좋으면 찾아가겠다,2022-08-10 13:53:18
user,5355,날씨가 좋으면 찾아가겠어요,2022-08-10 13:56:55
user,5355,목요일의 아이,2022-08-10 13:57:31
user,5362,트와이스,2022-08-12 00:52:54
user,5205,practical korean,2022-08-12 14:26:06
user,5205,practical korean,2022-08-12 14:26:14
user,5381,toeic,2022-08-12 18:47:40
user,4987,anytime,2022-08-13 09:00:32
user,5300,영어 필사,2022-08-13 13:38:58
user,5383,열렙전사,2022-08-13 21:23:47
user,5384,톨킨,2022-08-14 07:28:34
user,5384,브랜던 샌더슨,2022-08-14 07:29:22
user,5384,도나 타트,2022-08-14 07:31:23
user,5384,대도시의 사랑법,2022-08-14 07:33:21
user,5386,이유식,2022-08-14 10:26:24
user,5386,오은영,2022-08-14 10:29:01
user,1888,나 혼자만,2022-08-15 01:10:44
user,1888,나 혼자만 레벨업,2022-08-15 01:12:18
user,1888,나 혼자만 레벨업,2022-08-15 01:16:56
user,1888,나 혼자만 레벨업,2022-08-15 01:26:58
user,5386,이유식,2022-08-15 05:16:27
company,46,안창남,2022-08-15 05:27:15
company,46,안창남,2022-08-15 05:27:23
company,46,안창남,2022-08-15 05:27:25
company,46,안창남,2022-08-15 05:27:41
company,46,안창남,2022-08-15 05:28:00
company,46,안창남,2022-08-15 05:28:17
company,46,안창남,2022-08-15 05:29:30
company,46,잃어버린 풍경,2022-08-15 05:29:40
company,46,잃어버린풍경,2022-08-15 05:29:50
company,46,9788988526507 8988526503 9788988526514 8988526511 9788988526644 8988526643,2022-08-15 05:30:16
company,46, 의병장,2022-08-15 05:30:58
company,46, 의병장,2022-08-15 05:31:03
company,46, 의병장,2022-08-15 05:31:05
company,46, 의병장,2022-08-15 05:31:43
company,46, 의병장,2022-08-15 05:32:10
company,46, 의병장,2022-08-15 05:38:02
company,46, 의병장,2022-08-15 05:38:36
company,46, 의병장,2022-08-15 05:38:47
company,46, 의병장,2022-08-15 05:39:24
company,46, 의병장,2022-08-15 05:39:58
company,46, 의병장,2022-08-15 05:40:11
company,46, 의병장,2022-08-15 05:40:41
company,46, 의병장,2022-08-15 05:41:19
company,46, 의병장,2022-08-15 05:41:30
company,46, 의병장,2022-08-15 05:41:39
company,46, 의병장,2022-08-15 05:41:58
company,46, 의병장,2022-08-15 05:42:11
company,46, 의병장,2022-08-15 05:42:23
company,46, 의병장,2022-08-15 05:42:34
company,46, 의병장,2022-08-15 05:42:51
company,46, 의병장,2022-08-15 05:43:01
company,46, 의병장,2022-08-15 05:43:12
company,46, 의병장,2022-08-15 05:43:32
company,46, 의병장,2022-08-15 05:44:04
company,46, 의병장,2022-08-15 05:44:40
company,46, 의병장,2022-08-15 05:44:57
company,46,혼혈아,2022-08-15 05:45:26
company,46,혼혈아,2022-08-15 05:45:37
company,46,혼혈아,2022-08-15 05:45:39
company,46,혼혈아,2022-08-15 05:46:11
company,46,혼혈아,2022-08-15 05:46:32
company,46,혼혈아,2022-08-15 05:46:58
company,46,혼혈아,2022-08-15 05:47:16
company,46,혼혈아,2022-08-15 05:47:37
company,46,장애,2022-08-15 05:47:59
company,46,장애,2022-08-15 05:48:05
company,46,장애,2022-08-15 05:48:07
company,46,장애,2022-08-15 05:48:24
company,46,장애,2022-08-15 05:48:47
company,46,장애,2022-08-15 05:49:04
company,46,장애,2022-08-15 05:49:19
company,46,간토,2022-08-15 05:50:58
company,46,간토,2022-08-15 05:51:03
company,46,간토,2022-08-15 05:51:05
company,46,간토,2022-08-15 05:51:35
company,46,간토,2022-08-15 05:52:39
company,46,간토,2022-08-15 05:52:57
company,46,간토,2022-08-15 05:53:51
company,46,간토,2022-08-15 05:54:27
company,46,간토,2022-08-15 05:54:58
company,46,9788984946262 8984946265 9788984946385 8984946389,2022-08-15 05:55:43
company,46,정혜경,2022-08-15 05:56:40
company,46,정혜경,2022-08-15 05:56:45
company,46,정혜경,2022-08-15 05:56:48
company,46,정혜경,2022-08-15 05:58:38
company,46,정혜경,2022-08-15 05:59:24
company,46,정혜경,2022-08-15 06:00:56
company,46,정혜경,2022-08-15 06:01:25
company,46,정혜경,2022-08-15 06:02:28
company,46,정혜경,2022-08-15 06:02:47
company,46,정혜경,2022-08-15 06:03:09
company,46,정혜경,2022-08-15 06:03:33
company,46,정혜경,2022-08-15 06:03:59
company,46,정혜경,2022-08-15 06:04:25
company,46,정혜경,2022-08-15 06:05:20
company,46,정혜경,2022-08-15 06:06:23
company,46,이말년,2022-08-15 06:08:23
company,46,이말년,2022-08-15 06:08:28
company,46,이말년,2022-08-15 06:08:30
company,46,웹툰작가 ,2022-08-15 06:09:42
company,46,웹툰작가 ,2022-08-15 06:09:47
company,46,웹툰작가 ,2022-08-15 06:09:49
company,46,웹툰작가 ,2022-08-15 06:10:10
company,46,웹툰작가 ,2022-08-15 06:11:01
company,46,웹툰작가 ,2022-08-15 06:11:10
company,46,이미진,2022-08-15 06:11:33
company,46,이미진,2022-08-15 06:11:38
company,46,이미진,2022-08-15 06:11:40
company,46,하얼빈,2022-08-15 06:14:04
company,46,파친코,2022-08-15 06:14:37
company,46,파친코,2022-08-15 06:15:04
company,46,파친코,2022-08-15 06:15:38
company,46,파친코,2022-08-15 06:16:00
company,46,이어령,2022-08-15 06:16:52
company,46,이어령,2022-08-15 06:16:57
company,46,이어령,2022-08-15 06:16:59
company,46,이어령,2022-08-15 06:18:50
company,46,이어령,2022-08-15 06:19:54
company,46,이어령,2022-08-15 06:20:42
company,46,이어령,2022-08-15 06:21:16
company,46,정한아  ,2022-08-15 06:22:12
company,46,정한아  ,2022-08-15 06:22:17
company,46,정한아  ,2022-08-15 06:22:20
company,46,정한아  ,2022-08-15 06:23:26
company,46,정한아  ,2022-08-15 06:23:42
company,46,손원평,2022-08-15 06:25:45
company,46,손원평,2022-08-15 06:25:51
company,46,손원평,2022-08-15 06:25:54
company,46,손원평,2022-08-15 06:26:22
company,46,손원평,2022-08-15 06:26:41
company,46,H마트,2022-08-15 06:28:25
company,46,9788954683371,2022-08-15 06:28:58
user,2155,SOGANG KOREAN 4A,2022-08-15 13:19:16
user,2155,SOGANG KOREAN,2022-08-15 13:19:33
user,2155,SOGANG KOREAN 4A,2022-08-15 13:19:41
user,2155,SOGANG KOREAN 4A,2022-08-15 13:19:43
user,2155,SOGANG KOREAN,2022-08-15 13:20:00
user,2155,서강한국어 4ㅁ,2022-08-15 13:20:59
user,2155,서강 한국어 4A,2022-08-15 13:21:11
user,2155,서강 한국어 4A,2022-08-15 13:21:44
user,2155,서강 한국어,2022-08-15 13:21:49
user,2155,서강 한국어4A,2022-08-15 13:22:18
user,2155,서강 한국어 4A,2022-08-15 13:22:23
user,2155,ANYTIME KOREAN,2022-08-15 13:26:01
company,46,제주도,2022-08-16 00:30:06
user,5384,태국어,2022-08-16 10:15:11
user,5384,프란드어,2022-08-16 11:32:16
user,5384,폴란드어,2022-08-16 11:32:27
user,5407,서울대 한국어,2022-08-16 18:35:40
user,5366,다이어리,2022-08-17 08:52:52
user,5366,다뀨,2022-08-17 08:53:05
user,5366,다구,2022-08-17 08:53:13
user,5366,다,2022-08-17 08:53:16
user,5366,다꾸,2022-08-17 08:53:24
user,5366,다꾸,2022-08-17 08:53:29
user,5366,손글시,2022-08-17 08:53:46
user,5366,손글씨,2022-08-17 08:53:50
user,5366,다이어리 꾸미기,2022-08-17 08:54:45
user,5366,다이어리 꾸미기,2022-08-17 08:55:17
user,5366,다이어리 꾸미기,2022-08-17 08:55:22
user,5366,다이어리 꾸미기,2022-08-17 08:56:16
user,5366,다이어리,2022-08-17 08:56:26
user,5366,그림,2022-08-17 08:57:05
user,5418,아몬드,2022-08-17 22:34:55
user,4990,death is the only,2022-08-18 08:24:26
user,4990,villainess,2022-08-18 08:24:31
user,4990,악역의 엔딩은 죽음뿐,2022-08-18 08:24:56
user,4990,anytime korean,2022-08-18 08:27:51
user,4968,사이코지만 괜찮아,2022-08-18 12:56:56
user,5427,서울대 한국어,2022-08-18 19:50:27
user,5429,elephant piggie,2022-08-18 23:21:33
user,5429,david walliams,2022-08-18 23:21:41
user,5429,david walliams,2022-08-18 23:21:46
user,5429,코꿀이,2022-08-18 23:22:49
user,5429,코꿀이,2022-08-18 23:22:55
user,5429,코꿀이,2022-08-18 23:22:58
user,5429,코꿀이,2022-08-18 23:23:01
user,5429,모 윌렘스,2022-08-18 23:23:49
user,5432,intro to korean,2022-08-19 03:14:45
user,5432,intro to korean,2022-08-19 03:15:08
user,5432,intro to korean,2022-08-19 03:15:10
user,5432,intro to korean,2022-08-19 03:15:11
user,5441,anytime korea,2022-08-19 16:40:01
user,5441,anytime,2022-08-19 16:40:06
user,5442,crying in hmart,2022-08-19 17:02:06
user,5442,crying in h-mart,2022-08-19 17:02:17
user,3918,seoul national university press,2022-08-20 02:09:30
user,4685,바른연애 길잡이,2022-08-20 06:19:46
user,4685,바른연애 길잡이,2022-08-20 06:23:01
user,4685,바른연애 길잡이,2022-08-20 06:24:37
user,4685,바른연애 길잡이,2022-08-20 06:25:16
user,5454,magazine,2022-08-20 12:02:44
user,5454,kpop,2022-08-20 12:03:14
user,5454,hello,2022-08-20 12:04:04
user,5454,hello (from here),2022-08-20 12:04:24
user,5454,every moment was you,2022-08-20 12:04:43
user,5454,sister luna,2022-08-20 12:04:57
user,5454,he(art),2022-08-20 12:05:20
user,5454,82년생 김지영,2022-08-20 12:08:52
user,5454,모든 순간이 너였다,2022-08-20 12:12:00
user,5454,almond,2022-08-20 12:12:18
user,5454,아몬드,2022-08-20 12:12:44
user,5454,죽고 싶지만 떡볶이는 먹고 싶어,2022-08-20 12:14:36
user,4038,9781635190168,2022-08-20 17:18:26
user,5458,온 오어 오프,2022-08-21 01:48:31
user,5471,전통 가면,2022-08-21 09:04:14
user,5471,가면,2022-08-21 09:04:18
user,5471,탈,2022-08-21 09:04:48
user,5473,갈매기의 꿈,2022-08-21 12:14:20
user,5473,Jonathan livingston,2022-08-21 12:20:21
user,5473,갈매기의 꿈,2022-08-21 12:20:47
user,5474,anytime korean,2022-08-21 13:17:32
user,2299,서울대 한국어 2B Workbook(CD1장포함)(011),2022-08-21 14:04:36
user,5479,sejong korean,2022-08-21 21:27:59
user,5479,세종한국어 1,2022-08-21 21:28:12
user,5485,ANYTIME KOREAN,2022-08-22 04:00:00
user,5493,서울대 한국어 1A Workbook(CD1장포함)(011),2022-08-22 12:59:09
user,5503,yonsei,2022-08-22 19:36:59
user,5520,저 별은 모두,2022-08-23 02:24:23
user,5520,보이지 않은 곳에서,2022-08-23 02:24:34
user,5520,애쓰고 있는 너에게,2022-08-23 02:24:49
user,5520,패션 일러스트레이션,2022-08-23 02:25:12
user,5520,패션 디자이너,2022-08-23 02:26:38
user,5520,말하기 전에,2022-08-23 02:27:11
user,5554,anytime Korean 1,2022-08-23 08:04:45
user,5554,anytime Korean,2022-08-23 08:04:54
user,5556,"Anytime Korean Beginning 1 (2020), by Sangbok Kim, Jaemin Roh & Ooyoung Pyun, Kong & Park Inc.",2022-08-23 08:31:48
user,5556,"Anytime Korean Beginning 1 (2020), by Sangbok Kim",2022-08-23 08:32:01
user,5556,"Anytime Korean Beginning 1 (2020), by Sangbok Kim",2022-08-23 08:32:13
user,5556,"Anytime Korean Beginning 1 (2020), by Sangbok Kim",2022-08-23 08:32:14
user,5563,anytime korean,2022-08-23 09:15:44
user,2460,anytime korean,2022-08-23 10:47:26
user,2460,anytimekorean,2022-08-23 11:17:36
user,5566,anytime korean beginning 1,2022-08-23 11:17:39
user,2460,anytime korean,2022-08-23 11:17:48
user,5574,너의 하늘을 보아,2022-08-23 11:30:08
user,5574,아몬드,2022-08-23 11:30:32
user,5574,아몬드,2022-08-23 11:32:03
user,5574,almond,2022-08-23 11:33:43
user,5574,best seller,2022-08-23 11:34:29
user,5574,아몬드,2022-08-23 11:34:34
user,5595,anytime korean beginning 2,2022-08-23 16:16:40
user,5601,PIP Lang access code,2022-08-24 00:36:55
user,4196,bts,2022-08-24 02:52:00
user,4196,bts,2022-08-24 02:52:05
user,5610,Anytime Korean,2022-08-24 02:53:17
user,4196,방틴,2022-08-24 02:53:58
user,4196,방탄,2022-08-24 02:54:03
user,4196,방탄소년딘,2022-08-24 02:54:20
user,4196,방탄소년단,2022-08-24 02:54:24
user,5612,"서울대 한국어”(Student book+Work book, published by Two Pond)",2022-08-24 02:56:15
user,5612,서울대 한국어,2022-08-24 02:56:31
user,5618,9781635190151,2022-08-24 04:57:17
user,5620,English Version 서울대 한국어 1A Student's Book,2022-08-24 06:06:16
user,5433,PIP LANG,2022-08-24 09:07:48
user,5640,pip,2022-08-24 13:15:39
user,5631,audio,2022-08-24 13:32:08
user,5529,pip,2022-08-24 15:54:39
user,5529,beginning 1,2022-08-24 15:54:46
user,5529,courses,2022-08-24 15:57:38
user,5529,beginning 1,2022-08-24 15:57:58
user,4685,romance 101,2022-08-24 21:33:53
user,4685,바른연애 길잡이,2022-08-24 21:58:29
user,5656,sel,2022-08-24 23:53:49
user,5656,vocabulary,2022-08-24 23:57:33
user,5656,flash cards,2022-08-24 23:58:01
user,1049,포르투갈,2022-08-25 01:24:41
user,1049,korean,2022-08-25 01:26:34
user,1049,linguistic,2022-08-25 01:41:10
user,1049,korean,2022-08-25 01:41:28
user,1049,미술,2022-08-25 01:52:29
user,1049,미술,2022-08-25 01:52:40
user,1049,음악,2022-08-25 01:54:37
user,1049,피아노,2022-08-25 01:55:39
user,1049,역사,2022-08-25 01:58:29
user,1049,역사,2022-08-25 01:58:51
user,1049,history,2022-08-25 01:59:01
user,1049,education,2022-08-25 02:02:01
user,1049,korean language,2022-08-25 02:03:29
user,1049,sejong,2022-08-25 02:06:03
user,1049,conversation,2022-08-25 02:06:11
user,1049,세종한국어 회화,2022-08-25 02:06:58
user,5663,몸이되는말,2022-08-25 03:08:30
user,5663,몸이 되는,2022-08-25 03:08:36
user,5663,조현용,2022-08-25 03:09:28
user,5663,조현용,2022-08-25 03:11:38
company,46,민주화,2022-08-25 03:13:30
user,5663,조현용,2022-08-25 04:10:05
user,4701,토픽,2022-08-25 04:31:35
user,5668,sejong,2022-08-25 04:32:08
user,4701,topik,2022-08-25 04:32:26
user,4701,범죄,2022-08-25 04:42:21
user,4701,토픽,2022-08-25 04:50:42
user,4701,한국어능력시험,2022-08-25 04:51:09
user,678,서울대 한국어,2022-08-25 08:16:03
company_emp,99,후쿠자와 유키치,2022-08-25 08:18:21
company_emp,99,후쿠자와 유키치,2022-08-25 08:18:22
company_emp,99,후쿠자와 유키치,2022-08-25 08:19:19
company_emp,99,후타바테이,2022-08-25 08:24:24
company_emp,99,후타바테이,2022-08-25 08:24:24
company_emp,99,후타바테이 뜬구름,2022-08-25 08:24:31
company_emp,99,후타바테이 뜬구름,2022-08-25 08:24:32
company_emp,99,	9788927204688(,2022-08-25 08:25:04
company_emp,99,	9788927204688,2022-08-25 08:25:07
company_emp,99,	9788927204688,2022-08-25 08:25:11
company_emp,99,9788927204688,2022-08-25 08:25:16
company_emp,99,9788927204688,2022-08-25 08:25:28
company_emp,99,후타바테,2022-08-25 08:25:58
company_emp,99,후타바테,2022-08-25 08:25:58
company_emp,99,후타바테이,2022-08-25 08:26:01
company_emp,99,후타바테이,2022-08-25 08:26:01
company_emp,99,후타바테이,2022-08-25 08:26:19
company_emp,99,후타바테이,2022-08-25 08:26:28
company_emp,99,후타바테이,2022-08-25 08:26:31
company_emp,99,뜬구름,2022-08-25 08:29:07
company_emp,99,뜬구름,2022-08-25 08:29:07
company_emp,99,뜬구름,2022-08-25 08:29:15
company_emp,99,뜬구름,2022-08-25 08:29:29
company_emp,99,뜬구름,2022-08-25 08:29:38
company_emp,99,뜬구름,2022-08-25 08:29:46
user,5693,명탐정 코난 세트,2022-08-25 15:11:31
user,5693,코난,2022-08-25 15:11:44
user,5693,밀리니엄 시리즈,2022-08-25 15:16:15
user,5693,밀리니,2022-08-25 15:16:20
user,5693,밀리니엄,2022-08-25 15:16:23
user,5693,히가시노,2022-08-25 15:32:28
user,5693,밀레니엄,2022-08-25 15:34:30
user,5693,벚꽃지는,2022-08-25 15:41:42
user,5693,그리워하네,2022-08-25 15:41:58
user,5693,13계단,2022-08-25 15:44:37
user,5693,밀리언셀러 클럽,2022-08-25 15:45:12
user,5693,야경,2022-08-25 15:46:32
user,5693,위험한 비너스,2022-08-25 15:51:11
user,5693,위험한,2022-08-25 15:51:25
user,5693,비너스,2022-08-25 15:56:58
user,5693,악의,2022-08-25 16:14:32
user,5693,미키히코,2022-08-25 16:23:58
user,5693,기사단장,2022-08-25 16:38:06
user,5693,무라카미 하루키,2022-08-25 16:38:23
user,5693,총균쇠,2022-08-25 16:49:56
user,5693,총 균,2022-08-25 16:50:33
user,5693,코스모스,2022-08-25 16:52:20
user,5693,칼 세이건,2022-08-25 16:53:13
user,5693,밀레니엄,2022-08-25 17:01:29
user,5693,고래,2022-08-25 17:04:12
user,5693,제노사이드,2022-08-25 17:05:01
user,5693,천명관,2022-08-25 17:06:23
user,5693,가면산장,2022-08-25 17:15:30
user,5693,비하인드,2022-08-25 17:17:34
user,5693,비하인드 도어,2022-08-25 17:18:10
user,5693,우타노 쇼고,2022-08-25 17:23:07
company,46,뜬구름,2022-08-25 23:40:07
user,5595,anytime korean beginning 2,2022-08-26 00:51:45
user,4287,짜라투스,2022-08-26 06:13:05
user,4287,짜라투스라는 이렇게 말했다,2022-08-26 06:13:25
user,4287,하얼빈,2022-08-26 06:15:08
user,5428,vitamin,2022-08-26 07:49:05
user,5428,비타민,2022-08-26 07:49:18
user,5718,새 연세한국어 듣기와 읽기 1-1(English Version),2022-08-26 08:35:58
user,5718,새 연세한국어 어휘와 문법 1-1(English Version),2022-08-26 08:36:12
company,46,김정은,2022-08-26 09:37:30
company,46,김정은,2022-08-26 09:37:30
user,5721,경희,2022-08-26 10:33:13
company,46,hallyu,2022-08-26 10:33:47
company,46,hallyu,2022-08-26 10:35:20
company,46,korean novel,2022-08-26 10:35:36
company,46,kim yong ha,2022-08-26 10:35:58
user,5473,갈매기의 꿈,2022-08-26 16:39:58
user,5663,조현용,2022-08-27 00:28:28
user,5731,anytime korean intermediate 2,2022-08-27 01:12:47
user,5302,해리 포터,2022-08-28 03:14:42
user,5302,반지의 제왕,2022-08-28 03:24:15
user,5742,Anytime Korean Beginning 1,2022-08-28 04:41:51
user,5742,Anytime Korean Beginning 1,2022-08-28 04:44:34
user,751,anytime korean intermediate 2 piplang,2022-08-28 13:32:43
user,5747,anytime korean beginning,2022-08-28 14:18:58
user,5751,한국 술 브랜딩,2022-08-29 02:23:00
user,5751,한국 술 브랜딩,2022-08-29 02:34:30
user,1895,anytime korean 4,2022-08-29 08:16:57
user,1895,anytime korean intermediate 2,2022-08-29 08:17:30
user,5759,anytime korean,2022-08-29 09:38:33
user,5747,anytime korean 1,2022-08-29 11:50:10
user,5747,anytime korean beginning 1,2022-08-29 11:50:21
user,5763,PIP LANG,2022-08-29 12:58:54
user,5763,PIP code,2022-08-29 12:59:00
user,5763,PIP,2022-08-29 12:59:03
user,5768,김 비서가 왜 그럴까,2022-08-29 18:36:17
user,5775,anytime korea,2022-08-30 04:14:14
user,5815,anytime korean,2022-09-01 01:39:51
user,5816,anytime korean,2022-09-01 01:57:55
user,5759,anytime korean,2022-09-01 02:16:35
user,5814,RESTART YOUR DREAM,2022-09-01 04:28:58
user,5814,#일잘하는사람의시간은다르게흘러간다 #,2022-09-01 04:29:17
user,5814,일잘하는사람의시간은다르게흘러간다,2022-09-01 04:29:24
user,5814,일잘하는사람의시간은다르게흘러간다,2022-09-01 04:29:27
user,5419,pip lang,2022-09-01 11:18:41
user,5563,pip.,2022-09-01 11:26:56
user,5422,pip lang,2022-09-02 12:49:23
company,46,9788934961574,2022-09-02 22:04:08
user,5847,ouran high school,2022-09-02 23:56:10
user,5854,9788952128744,2022-09-03 14:04:42
user,5856,Topik 1,2022-09-03 17:12:08
user,5856,Korean,2022-09-03 17:13:15
user,5856,Vitamin korean,2022-09-03 17:18:29
user,5856,Sejeong conversational,2022-09-03 17:18:37
user,5856,Sejong conversational,2022-09-03 17:18:42
user,5856,Sejong conversational,2022-09-03 17:18:43
user,5856,Sejong conversational,2022-09-03 17:18:44
user,5856,Sejong,2022-09-03 17:18:46
user,5856,Topik 1,2022-09-03 17:19:01
user,5428,draw,2022-09-04 00:15:25
user,3073,Anytime Korean Intermediate 1,2022-09-05 06:51:54
user,5871,coupon,2022-09-05 17:34:29
user,5879,서강한국어 4A(Students Book) + 문법단어참고서(New),2022-09-06 14:52:24
user,5879,서강한국어 4A(Work Book),2022-09-06 14:52:39
user,5473,jonathan livingston,2022-09-06 15:05:32
user,5473,갈매기의 꿈,2022-09-06 15:10:54
user,5886,이화 한국어,2022-09-06 21:41:34
user,5886,이화 한국어 1,2022-09-06 21:51:27
user,5875,침구,2022-09-06 22:03:09
user,5875,침구,2022-09-06 22:14:36
user,5875,침구/경락/경혈,2022-09-06 22:15:55
user,5875,경혈,2022-09-06 22:16:11
user,5884,i love korean,2022-09-07 00:13:33
user,5875,의한,2022-09-07 00:31:52
user,5875,의학,2022-09-07 00:32:26
user,5875,의학,2022-09-07 00:32:31
user,5875,한의학,2022-09-07 00:33:42
user,5888,anytime korean,2022-09-07 01:59:04
user,5838,beginning 1,2022-09-07 03:20:36
user,5845,pip lang,2022-09-07 08:54:46
user,5878,Korean,2022-09-07 14:58:31
user,5902,angtime korean beginning,2022-09-07 23:50:10
user,5919,anytime korean,2022-09-08 09:17:20
user,5920,당신은 당신으로 충분히 빛나는 존재입니다,2022-09-08 09:59:44
user,5920,그때그때 가볍게 산다,2022-09-08 10:00:15
user,5920,무엇이 당신을 일하게 만드는가,2022-09-08 10:01:04
user,5921,learn,2022-09-08 10:16:12
user,5921,Anytime,2022-09-08 10:17:32
user,5921,learning,2022-09-08 10:18:01
user,5921,korean learning,2022-09-08 10:18:52
user,5921,manhwa,2022-09-08 10:20:43
user,5921,true beauty,2022-09-08 10:26:00
user,5693,연쇄 살인마 개구리,2022-09-08 13:33:27
user,5693,세계의 끝과,2022-09-08 13:46:30
user,5693,개구리 남자,2022-09-08 13:55:00
user,5693,연쇄 살인마,2022-09-08 13:55:08
user,5889,anytime,2022-09-09 11:00:40
user,5889,anytime,2022-09-09 11:03:21
user,5875,한햑,2022-09-09 21:27:44
user,5875,191,2022-09-09 21:38:53
user,5875,acupuncture,2022-09-09 21:39:26
user,5875,무료배송 소득공제 한의학 한중영 용어사전,2022-09-09 21:51:10
user,5938,anytime korean beginer 1,2022-09-10 01:14:26
user,5938,anytime korean,2022-09-10 01:14:29
user,5947,우마,2022-09-10 16:27:19
user,1379,나혜석 작품집,2022-09-11 02:39:35
user,1379,나혜석,2022-09-11 02:40:25
user,1379,모던걸 소설,2022-09-11 02:44:14
user,1379,모던걸 소설집,2022-09-11 02:44:20
user,1379,모던걸 수필집,2022-09-11 02:44:26
user,1379,나혜석,2022-09-11 02:46:29
user,5951,김창엽,2022-09-11 06:09:00
user,2084,trio,2022-09-11 07:55:20
user,2084,9791195522057,2022-09-11 07:58:57
user,2084,9791195522040,2022-09-11 08:02:17
user,5954,우리 는 조구만,2022-09-11 20:20:46
user,5962,워십기타,2022-09-13 01:05:52
user,5810,anytime korean beginning 1,2022-09-13 01:57:50
user,1701,세종한국어 1,2022-09-13 02:03:00
user,1701,세종한국어 4,2022-09-13 03:14:06
user,1701,세종한국어 1,2022-09-13 10:58:01
user,1701,세종한국어 4,2022-09-13 10:58:24
user,5968,가시고기,2022-09-13 11:04:46
user,5969,귱스튜디오의 일러스트 로코메이커,2022-09-13 23:18:28
user,5969,일러스트 로코메이커,2022-09-13 23:19:29
user,5969,우리가 함께 걷는 시간,2022-09-13 23:37:04
user,2084,trio,2022-09-14 05:44:14
user,5971,불편한 편의점,2022-09-14 06:05:20
user,5742,pip,2022-09-14 13:24:42
company,46,한국,2022-09-14 17:14:45
user,5976,bts,2022-09-15 04:14:01
user,2096,명나라 역대 황제 평전,2022-09-15 05:35:23
user,5980,anytime korean,2022-09-15 11:38:28
user,5978,manhwa,2022-09-15 12:22:10
user,5978,만화,2022-09-15 12:22:27
user,5978,해리포터,2022-09-15 12:27:57
user,3589,저 별은 모두 당신을 위해 빛나고 있다,2022-09-16 00:08:45
user,3589,평범이 곧 무기다,2022-09-16 00:09:24
user,5978,집에 있는데요 집에 가고 싶어,2022-09-16 05:44:57
user,5978,82년 김지영,2022-09-16 05:45:30
user,5978,82년생 김지영,2022-09-16 05:46:14
user,5978,집에 있는데도 집에 가고 싶어,2022-09-16 05:47:19
user,5978,엄마를 부탁해,2022-09-16 05:48:24
user,5978,누나 루나,2022-09-16 05:48:45
user,5978,누나 루나,2022-09-16 05:49:05
user,5978,누나 루나,2022-09-16 05:49:09
user,5978,누나 루나,2022-09-16 05:49:11
user,5978,sister luna,2022-09-16 05:49:17
user,5978,루나 누나,2022-09-16 05:53:28
user,5986,"Anytime Korean Beginning 1 (2020), by Sangbok Kim, Jaemin Roh & Ooyoung Pyun, Kong & Park Inc.",2022-09-16 14:10:36
user,5986,"Anytime Korean Beginning 1 (2020), by Sangbok Kim, Jaemin Roh & Ooyoung Pyun, Kong & Park Inc.",2022-09-16 14:10:44
user,5986,"Anytime Korean Beginning 1 (2020), by Sangbok Kim, Jaemin Roh & Ooyoung Pyun, Kong & Park Inc.",2022-09-16 14:10:46
user,2096,황제,2022-09-18 04:44:23
user,2096,한국 고대사,2022-09-18 04:46:30
user,2096,선사 시대,2022-09-18 04:48:17
user,5997,당신이 옳다,2022-09-18 20:41:30
user,5997,공주 고양이,2022-09-18 20:41:59
user,5997,공주,2022-09-18 20:42:07
user,5997,"곱게 키웠더니,",2022-09-18 20:44:28
user,5997,"곱게 키웠더니,",2022-09-18 20:44:37
user,5997,한 조각,2022-09-18 20:45:55
user,5997,한 조각,2022-09-18 20:46:01
user,5997,one piece,2022-09-18 20:46:12
user,5997,one piece,2022-09-18 20:46:15
user,5997,one piece,2022-09-18 20:46:19
user,5997,one piece,2022-09-18 20:46:30
user,5997,만화,2022-09-18 20:46:44
company,46,9788974090364,2022-09-19 06:30:37
company,46,눈빛,2022-09-19 06:30:59
company,46,젠더,2022-09-19 10:57:01
company,63,반도체 투자전쟁,2022-09-19 23:46:58
company,63,반도체 투자전쟁 감영우,2022-09-19 23:49:01
company,63,반도체 투자전쟁 감영우,2022-09-19 23:49:06
company,63,반도체 투자전쟁 감영우,2022-09-19 23:49:21
company_emp,99,근대의 경계에서,2022-09-20 03:03:43
company_emp,99,근대의 경계에서,2022-09-20 03:03:44
user,5978,집에 있는데도 집에 가고 싶어,2022-09-20 17:10:17
user,5978,82년,2022-09-20 17:10:42
user,5978,82년생 김지영,2022-09-20 17:11:18
user,5978,편의좀,2022-09-20 17:11:45
